{"time_last_update":1777878919,"weights":{"frec":0.7,"rece":0.3},"init_weights":{"frec":0.7,"rece":0.3},"norms":{"rece":{"beta":0.001,"mean":2.0019014835309807,"var":0.9960228843227226},"frec":{"beta":0.001,"mean":20776.02997,"var":1.8911288440699439}},"score_map":{"wtD8cJiXhjuh":{"frec":21.793481709738,"rece":2.0017205403376663,"final":15.8559533589179},"41HQwkNVr8C3":{"frec":-0.021793459894167092,"rece":-0.0021766727548508885,"final":-0.01590842375237223}}}